ID,D3Germs,AA,PHS,BG,DP,DT95,Length_Of_Grain_Fill,Extract,FAN,Grain_Protein,Heading,Height,HYI,Maturity,SOM,Plump,Soluble_Protein,S_T,Test_Weight,Yield,Diameter,Hardness,qD5H,qSS1H,qHI2H,qHI3H,qNAM1,5H_1H_2H_3H_Nam1,HI2,HI3,SS1H,NAM1,D5H
MT124128XMT124148-1,95.8246057,64.952114,0.08620569,594.11305,113.4571725,9.2620199,50.102356,83.23209535,234.096537,9.8650689,168.745074,82.95064567,44.764065,218.7720897,20.84483848,100.7371251,5.4183777,0.494985277,54.16608704,134.5823094,3.213014729,25.83705395,AA,AA,AA,AA,AA,01011_,-,+,L,K,ND
MT124128XMT124148-105,89.21043101,55.4752217,-0.17084402,776.998475,88.8636825,15.585551,51.875623,84.32537889,231.646068,9.3492624,168.745074,76.443741,39.602648,220.181669,19.65269483,99.84630448,5.3949037,0.509899434,54.5988352,121.3683053,3.146669743,38.36489346,AA,AA,AA,AA,AA,01011_,-,+,L,K,ND
MT124128XMT124148-109,101.028425,72.5313025,0.11035785,355.319563,110.399045,-0.777183,51.827652,84.41509419,257.19462,9.9189504,166.776598,81.81338733,50.317917,218.5860147,21.22970046,100.6855409,5.9818343,0.519813334,54.30172635,129.7354294,NA,NA,AA,AA,AA,AA,AA,01011_,-,+,L,K,ND
MT124128XMT124148-114,101.7879338,72.3129905,0.17163729,516.254775,120.080832,-0.763994,52.021062,84.55871039,243.498815,9.6514395,167.170293,80.86284233,44.722807,219.0609756,13.52612082,98.46935479,5.7622755,0.519729111,53.58633475,134.5497401,2.945231338,34.78855064,AA,AA,AA,AA,AA,01011_,-,+,L,K,ND
MT124128XMT124148-116,92.21162956,84.3633075,0.87113354,405.47528,120.993809,5.832554,50.9451,83.54112104,253.294415,10.2146394,168.745074,81.39073333,41.962074,219.4239778,21.62085304,97.9405862,5.8037819,0.506901334,54.05568924,119.6451212,NA,NA,AA,AA,AA,AA,AA,01011_,-,+,L,K,ND
MT124128XMT124148-124,94.01916642,72.212573,0.328840862,452.84826,119.050524,15.035777,49.535301,83.95813285,237.818771,9.436493,169.13877,80.66494833,45.206408,218.6352159,22.31009834,99.75430294,5.6346379,0.509773352,54.13701353,121.7814718,3.250119971,29.79878476,AA,AA,AA,AA,AA,01011_,-,+,L,K,ND
MT124128XMT124148-128,94.15218284,82.017905,-0.00340304,453.911525,130.524932,9.2159662,51.71591,84.08611823,240.838735,9.4807595,168.745074,82.041176,31.29043,220.161788,21.07559591,99.70205472,5.5479267,0.513869886,53.98528152,130.6166687,3.094637161,28.50002558,AA,AA,AA,AA,AA,01011_,-,+,L,K,ND
MT124128XMT124148-130,91.36855569,72.385218,0.95616366,517.847355,102.23731,27.237206,50.709194,84.02235251,235.2443,9.5250438,167.957684,82.056344,58.612754,218.5220099,20.11426477,98.09393841,5.5024071,0.511065118,54.8176002,84.26987906,3.145644445,27.28737032,AA,AA,AA,AA,AA,01011_,-,+,L,K,ND
MT124128XMT124148-133,97.33563356,71.1706545,1.41288444,429.568425,110.618655,-0.629212,51.144753,83.74600328,223.9956675,9.5355067,167.563988,81.79164833,43.836374,218.6781179,22.02296759,100.6517932,5.4844819,0.502928774,54.17289963,131.3531258,NA,NA,AA,AA,AA,AA,AA,01011_,-,+,L,K,ND
MT124128XMT124148-134,97.47567934,74.6504825,0.34578771,437.648665,114.56128,9.2231387,51.265777,86.27137937,242.0740179,9.7645513,168.351379,85.01472019,45.662522,219.4130104,15.85842707,97.9453332,5.9516746,0.529665602,54.29381099,82.86858437,3.241432847,29.10310605,AA,AA,AA,AA,AA,01011_,-,+,L,K,ND
MT124128XMT124148-137,94.89314399,47.778627,0.55925728,957.45815,76.9529775,26.207964,52.638306,81.79882201,198.057755,9.4398404,169.13877,79.839312,41.956553,221.232331,20.27696314,99.67844373,5.0286494,0.477100482,54.29839192,124.0817128,2.889088005,37.59508906,AA,AA,AA,AA,AA,01011_,-,+,L,K,ND
MT124128XMT124148-149,99.86949706,72.623267,1.0694361,452.28507,105.757645,-1.742137,50.002738,83.32711823,236.067459,9.6370179,168.745074,80.519863,46.144714,218.5733231,20.45086248,97.52950956,5.521148,0.508337911,54.2811232,112.6654609,3.007098995,34.58583464,AA,AA,AA,AA,AA,01011_,-,+,L,K,ND
MT124128XMT124148-15,95.47231517,70.688226,0.2903916,536.76197,106.7352525,2.162277,49.863844,82.89756055,229.365588,9.7462818,167.957684,74.92379533,40.111034,217.8537251,21.13595764,98.65763768,5.23519952,0.484519261,54.7043253,119.4851435,3.064090074,36.32754462,AA,AA,AA,AA,AA,01011_,-,+,L,K,ND
MT124128XMT124148-156,100.2048106,85.456935,0.41924761,293.161765,110.865775,-0.681282,48.574972,84.02738695,243.045964,9.7977735,169.532465,84.25923297,42.439816,218.1310128,22.28111582,97.6911159,5.5268268,0.503036734,53.78610141,123.9078329,2.745108572,27.5684132,AA,AA,AA,AA,AA,01011_,-,+,L,K,ND
MT124128XMT124148-160,97.50453598,60.771364,0.3309582,581.90895,85.871555,2.214347,54.730139,82.93453269,217.268279,9.7410034,167.563988,79.66589733,43.375335,221.661953,20.02294041,99.73042277,5.2410454,0.492006334,54.4837784,131.1762906,2.935916155,36.62967646,AA,AA,AA,AA,AA,01011_,-,+,L,K,ND
MT124128XMT124148-163,98.38599446,83.98475,0.35133582,433.270745,114.121465,-0.539327,50.684977,83.98031465,247.197325,9.553637,169.13877,80.89022667,39.217481,219.5855289,20.69506442,96.55353018,5.65951,0.519101764,54.0837411,113.8938949,NA,NA,AA,AA,AA,AA,AA,01011_,-,+,L,K,ND
MT124128XMT124148-164,97.25622606,93.385025,0.21138519,394.515665,99.067335,2.802906,48.134387,83.89464467,237.546806,9.109629,167.957684,83.56359707,35.943321,216.3891359,20.91026589,98.10293336,5.3849557,0.515330165,53.91877174,113.3129055,NA,NA,AA,AA,AA,AA,AA,01011_,-,+,L,K,ND
MT124128XMT124148-168,98.68281621,38.791583,1.05546668,908.3787,83.16202,-1.153578,55.460083,81.31656676,235.015634,9.5831205,168.351379,84.7098861,55.3782781,222.926532,21.66382176,99.08474258,5.16527198,0.492900584,53.60673413,117.4355983,3.074429872,32.4286829,AA,AA,AA,AA,AA,01011_,-,+,L,K,ND
MT124128XMT124148-2,88.63890737,53.373344,0.28298817,856.094225,104.78097,21.879652,53.165558,80.73915105,232.699826,10.1510601,169.92616,82.44145,27.14486,222.366738,20.25587895,101.1168258,5.3480647,0.488126546,54.8244939,119.0893848,3.139257365,31.00635947,AA,AA,AA,AA,AA,01011_,-,+,L,K,ND
MT124128XMT124148-23,95.07165773,71.9104415,0.17588424,419.174205,103.968815,23.956513,52.32886,84.32382981,249.986505,9.279507,168.351379,80.70420533,46.105087,220.290301,21.82525244,100.0039706,5.8948971,0.537181735,54.4900184,130.1699117,3.180331314,28.75476061,AA,AA,AA,AA,AA,01011_,-,+,L,K,ND
MT124128XMT124148-24,95.66298792,87.3469875,0.1370734,582.539775,114.3481925,6.1708317,49.7373,83.89359153,251.42684,9.4899899,167.563988,80.975122,38.763901,217.4480805,20.24696401,98.92876844,5.5732866,0.516168017,54.3856317,123.0014384,3.181507323,35.25970014,AA,AA,AA,AA,AA,01011_,-,+,L,K,ND
MT124128XMT124148-26,95.96401367,74.9265155,0.82158129,592.59015,122.368767,5.401437,49.898467,84.43432564,244.3685983,10.1597453,167.957684,79.00084533,41.042863,217.8839133,22.52564826,100.2486617,5.7922694,0.512089371,54.4869405,119.8543393,3.201120124,27.09375962,AA,AA,AA,AA,AA,01011_,-,+,L,K,ND
MT124128XMT124148-3,101.0096015,66.641382,0.5312192,446.245255,91.85135,-1.400904,50.34688,83.37524266,235.491691,9.5572788,169.92616,79.75804233,46.58359,219.860845,20.16514892,97.79140874,5.4368232,0.506321639,54.2607973,118.4277329,3.117745011,28.93720421,AA,AA,AA,AA,AA,01011_,-,+,L,K,ND
MT124128XMT124148-30,94.8122026,65.7820765,0.95990182,494.9035,107.3005575,21.459729,50.018337,84.41255396,232.2710332,9.883063,169.13877,80.41277333,41.027151,218.9826762,14.32998926,97.0234018,5.5242911,0.505624093,54.13101547,116.4228839,3.048045307,27.92176114,AA,AA,AA,AA,AA,01011_,-,+,L,K,ND
MT124128XMT124148-33,100.5389977,71.3019195,0.24717812,634.691075,104.36504,-0.725113,50.920481,84.23467244,231.492161,9.4290835,168.351379,82.211459,44.747788,219.1532227,13.81283917,99.53400374,5.531726,0.510215226,54.4935954,127.6930733,3.202993256,31.98687412,AA,AA,AA,AA,AA,01011_,-,+,L,K,ND
MT124128XMT124148-36,98.13099,79.713559,0.15374931,482.03802,87.6286425,2.841787,52.458967,83.18152289,222.454154,9.4313961,167.957684,76.414882,29.95434,220.1035358,19.37478509,96.48166648,5.379417,0.502295679,54.30359484,123.9059948,2.906376422,34.1920571,AA,AA,AA,AA,AA,01011_,-,+,L,K,ND
MT124128XMT124148-37,100.2191204,87.9478575,-0.07219636,405.02302,121.9369245,-0.915419,50.242609,83.39687225,257.22999,9.9248294,167.563988,77.946701,37.783265,217.8437075,21.83750126,96.6062158,5.7129558,0.510708985,53.89235659,120.8350203,3.041586575,31.66412386,AA,AA,AA,AA,AA,01011_,-,+,L,K,ND
MT124128XMT124148-38,99.39016452,76.67283,0.33200196,476.968285,119.383327,-1.114697,51.637834,83.43231256,238.606367,9.8804739,167.957684,78.048851,37.334108,219.3675277,21.31652143,96.48703054,5.6593148,0.503114353,54.24053856,124.3830524,2.947246888,36.68467207,AA,AA,AA,AA,AA,01011_,-,+,L,K,ND
MT124128XMT124148-46,92.48405157,61.660216,0.41360402,627.05385,98.82125,27.615595,49.719067,83.21563168,219.045345,9.313568,168.351379,80.28274833,39.645457,218.1109099,20.50806075,99.38919503,5.11757635,0.492846545,54.28183241,119.9576803,3.190779906,32.19946235,AA,AA,AA,AA,AA,01011_,-,+,L,K,ND
MT124128XMT124148-52,97.52831345,64.846497,1.14569354,516.00875,103.67559,-0.681282,52.851877,84.00585089,243.131431,9.9479649,168.351379,83.73305147,48.012875,220.786468,20.74316468,100.0011101,5.549821,0.497300509,54.14159446,125.127531,3.056799794,26.12628698,AA,AA,AA,AA,AA,01011_,-,+,L,K,ND
MT124128XMT124148-53,100.1231129,65.3888855,0.76723286,568.5048,91.88188,-0.867068,51.920953,83.95308942,228.58719,9.6525128,169.13877,81.83872967,43.806299,220.686094,13.77257654,99.227095,5.6247991,0.506508768,54.4694119,120.2901431,3.149114886,28.94286194,AA,AA,AA,AA,AA,01011_,-,+,L,K,ND
MT124128XMT124148-56,93.82487806,64.3362705,0.306958277,595.653425,86.9710675,11.658382,52.522672,82.82370556,227.936521,9.6784395,168.745074,79.87154433,47.51846,220.771808,20.19747732,98.60988923,5.3613188,0.497153282,54.13421624,121.3299026,2.982532789,31.5246862,AA,AA,AA,AA,AA,01011_,-,+,L,K,ND
MT124128XMT124148-57,95.36606232,69.7089605,0.12044442,473.28976,115.427923,9.4609949,50.856054,83.72501421,248.780815,9.8322852,168.351379,84.44056627,46.607526,219.0445912,20.36856747,100.1268013,5.4041334,0.493667511,54.3563016,134.9090919,3.171893984,33.90988073,AA,AA,AA,AA,AA,01011_,-,+,L,K,ND
MT124128XMT124148-59,97.6902654,73.4170865,0.22615563,780.8885,84.107245,26.311038,52.349606,83.03099479,218.493962,8.867478,169.532465,79.448071,35.918144,221.266872,19.61777474,96.65923491,5.15480136,0.506176694,54.04426403,123.9194303,3.07466856,31.61317842,AA,AA,AA,AA,AA,01011_,-,+,L,K,ND
MT124128XMT124148-62,98.56073471,76.9333265,0.12796829,654.885375,155.775115,5.894094,42.730139,82.73942395,205.758342,10.4376447,173.075723,85.26854151,44.710383,216.1227896,19.28941116,97.62552721,5.09248898,0.464288454,54.8982854,136.4569522,2.958612037,34.33417876,AA,AA,AA,AA,AA,01011_,-,+,L,K,ND
MT124128XMT124148-66,101.3224702,63.258823,0.42186256,751.841825,92.6479325,-0.629212,52.29301,82.01947056,219.426926,9.6096999,167.563988,77.503768,40.590212,219.6448153,20.80442734,97.78276984,5.26643139,0.497804228,54.33410258,120.0962039,2.999130835,34.11408016,AA,AA,AA,AA,AA,01011_,-,+,L,K,ND
MT124128XMT124148-72,98.45645753,50.450497,0.16183079,724.07665,91.954525,11.671571,53.104891,82.53943165,227.78752,9.2865928,167.563988,78.62867567,34.514769,220.250973,19.72780574,96.94024539,5.19581036,0.501682799,53.80166331,117.1959146,3.124345346,30.32996863,AA,AA,AA,AA,AA,01011_,-,+,L,K,ND
MT124128XMT124148-76,94.3472098,62.4256895,0.42336198,489.850635,115.897483,6.1187614,51.051453,82.84445798,231.456456,9.7651472,168.351379,81.941699,38.746468,219.2334941,19.55599419,98.61065604,5.3316045,0.492358846,53.62237543,123.0172812,3.133372434,31.15999201,AA,AA,AA,AA,AA,01011_,-,+,L,K,ND
MT124128XMT124148-77,99.42750551,72.755789,0.18718056,492.823855,104.8170175,-0.825534,48.652748,82.8855006,219.083267,9.6616599,168.351379,81.99623333,42.404555,217.1496555,21.19997829,99.50067622,5.3123731,0.494586696,54.6566538,110.3632987,3.173069118,28.80420361,AA,AA,AA,AA,AA,01011_,-,+,L,K,ND
MT124128XMT124148-78,96.05164183,65.8617285,0.12843041,679.809075,93.557625,5.894094,50.488158,82.60029049,225.6435896,9.7010747,168.351379,80.98066167,40.562249,218.7491466,19.97245556,98.68544638,5.4666933,0.504495698,54.21177414,110.2162361,3.023068628,34.52848053,AA,AA,AA,AA,AA,01011_,-,+,L,K,ND
MT124128XMT124148-83,98.38528164,68.494954,0.17823969,376.977067,113.63809,-0.565019,52.797094,84.6368,263.811635,9.6306245,166.382902,81.24282567,44.712832,219.0216481,22.18388036,99.52933362,5.8964698,0.529481108,53.52692893,116.2250558,3.198519701,27.57544195,AA,AA,AA,AA,AA,01011_,-,+,L,K,ND
MT124128XMT124148-87,96.34069643,78.6308505,0.21511279,536.57664,98.59183,6.1187614,51.462596,85.31367382,261.0941,9.363207,169.13877,83.87192227,38.290158,220.249393,20.9774991,99.09858547,5.9741481,0.541479738,54.4665798,133.7613997,3.215554712,31.60675166,AA,AA,AA,AA,AA,01011_,-,+,L,K,ND
MT124128XMT124148-89,97.57253871,67.215943,0.22740733,596.389175,97.7907575,-0.539327,54.202435,81.78832834,213.285636,9.7419357,167.563988,81.02711933,35.95822,221.274287,19.93095985,98.45822196,5.04018004,0.478362645,54.4421049,108.3161905,3.145885038,39.4286232,AA,AA,AA,AA,AA,01011_,-,+,L,K,ND
MT124128XMT124148-90,93.52215189,74.464578,0.40825725,456.32074,114.846549,5.932976,53.623976,84.07902767,248.95482,9.9390274,169.13877,78.683619,42.906776,222.111512,14.31969545,99.99614474,5.9653973,0.526015839,54.682144,126.6035499,3.231922241,28.38989907,AA,AA,AA,AA,AA,01011_,-,+,L,K,ND
MT124128XMT124148-94,95.04160155,84.6248775,0.07977321,443.50878,93.41521,21.707055,52.798682,84.36634291,234.99988,9.159671,168.351379,76.068743,49.348235,220.720635,21.4858039,98.52507943,5.6628619,0.530566291,54.8168876,130.9555907,2.952142687,35.81142907,AA,AA,AA,AA,AA,01011_,-,+,L,K,ND
MT124128XMT124148-97,91.28736266,65.6566285,1.89465106,698.469875,91.279135,20.728912,51.946786,82.44937455,224.2015045,9.6467835,168.745074,82.21533667,36.407831,220.232983,20.72501499,98.82366765,5.18646453,0.491710132,54.0897039,128.2087777,2.878651257,31.95415442,AA,AA,AA,AA,AA,01011_,-,+,L,K,ND
MT124128XMT124148-100,102.4778933,64.331613,3.83920346,126.755025,114.04131,-1.352553,27.530221,78.59309975,237.031883,11.8104509,190.004624,91.60125933,66.527271,217.3923207,14.77927223,94.93628455,5.16771391,0.450522148,53.85341033,144.9375358,2.847918272,47.38628264,AA,BB,AA,AA,AA,00011_,-,+,S,K,ND
MT124128XMT124148-101,102.2522715,56.562791,0.27087564,121.1029675,130.754939,-0.668093,34.400601,77.95518796,225.0848488,12.0137046,184.099194,83.7379028,54.4481374,218.30314,23.09821207,94.40031199,4.5060178,0.416034055,54.22209658,143.7972227,2.830633029,47.4510068,AA,BB,AA,BB,AA,00001_,-,-,S,K,ND
MT124128XMT124148-110,101.7706974,84.50697,0.32833505,50.3809175,138.358847,-1.153578,32.131509,76.95872718,257.14207,12.1047843,183.705498,77.167951,72.08371,215.9559615,23.03251017,88.60419101,5.0099106,0.43949179,52.32149,111.4497837,2.608331696,50.14841186,AA,BB,BB,BB,AA,00101_,+,-,S,K,ND
MT124128XMT124148-111,94.6946529,67.965727,0.05262578,25.16957,121.1242485,6.0288767,30.537846,80.02422302,241.289228,11.61440585,193.154187,90.44441067,62.832313,222.661301,21.48571436,95.00955779,5.13116729,0.450699244,53.7080241,166.2591514,2.802133918,39.25847505,AA,BB,AA,AA,AA,00011_,-,+,S,K,ND
MT124128XMT124148-118,102.884659,61.236694,0.27590022,30.9988825,174.12455,-0.629212,32.052579,78.11965051,276.287695,12.5397622,179.7685447,82.58929933,70.729958,212.654142,24.66844652,88.82686956,6.1198165,0.480943192,52.7515665,137.7039417,NA,NA,AA,BB,BB,AA,AA,00111_,+,+,S,K,ND
MT124128XMT124148-122,100.8327459,64.6914925,0.27002611,-46.343705,220.920865,-1.166767,32.367414,80.119884,270.17272,12.5734319,182.524412,82.29033733,81.84053,215.1982698,23.10153262,89.57168956,5.9779727,0.47647733,52.6807495,146.3313051,2.657289674,51.33415624,AA,BB,BB,AA,AA,00111_,+,+,S,K,ND
MT124128XMT124148-127,99.11162197,72.2988205,1.4318277,-60.9033,125.953138,-0.812345,36.7930617,81.16043256,255.054785,10.2206382,178.5874586,79.99332433,76.229395,215.633025,22.24543101,93.59751373,5.828564,0.516835275,54.21471836,144.3794408,2.955564388,36.26276963,AA,BB,BB,AA,AA,00111_,+,+,S,K,ND
MT124128XMT124148-136,102.1922416,40.171768,-0.02766442,288.09865,83.9536325,-0.867068,29.740635,80.06611167,201.635185,10.7532773,187.642452,91.05617633,77.20353,217.3376764,23.59371407,95.016073,4.9514224,0.458488325,54.4938867,133.5625955,2.770120042,37.46787589,AA,BB,AA,AA,AA,00011_,-,+,S,K,ND
MT124128XMT124148-138,101.2895295,77.6307105,0.13202197,-56.6122725,197.63949,-0.867068,30.88473,80.02526556,256.396315,12.9193509,186.067671,86.3781163,75.337365,216.9856416,22.84895409,91.63223152,5.7162902,0.457632054,52.173019,127.7450154,2.542118648,43.86385954,AA,BB,AA,AA,AA,00011_,-,+,S,K,ND
MT124128XMT124148-14,100.4890214,48.3339105,0.49913733,117.332775,128.034283,-0.773464,30.968088,77.12593754,252.355605,12.9864616,184.099194,102.6991753,78.12513,215.3150407,23.13418768,97.28158329,5.6151146,0.453497475,54.7369087,139.6607754,2.84116784,56.15582376,AA,BB,BB,AA,AA,00111_,+,+,S,K,ND
MT124128XMT124148-141,99.20380033,30.971465,0.08948515,412.12014,129.650329,-0.773464,31.745707,80.25008343,230.1987,11.15540583,187.248757,88.609202,67.924589,218.6343599,23.15112424,96.11163881,5.4753544,0.480730263,53.58839265,147.9974326,2.752904616,46.60398083,AA,BB,BB,BB,AA,00101_,+,-,S,K,ND
MT124128XMT124148-142,103.563319,48.718377,2.94155664,234.158765,191.86346,-1.742137,24.707783,77.74089769,234.077246,11.774884,190.792015,84.96228347,68.388054,215.565833,23.58683543,93.61367989,5.3571633,0.460937573,53.2454996,145.9766555,2.843392968,37.84319322,AA,BB,AA,AA,AA,00011_,-,+,S,K,ND
MT124128XMT124148-147,102.1958931,44.565084,0.55205358,380.583684,125.402464,-0.773464,29.042212,78.02856633,227.60055,12.6864787,191.18571,92.312436,67.447295,219.6592539,21.68313128,97.25908301,4.87678983,0.418675012,54.16552141,146.8069178,3.019501258,49.92763558,AA,BB,AA,AA,AA,00011_,-,+,S,K,ND
MT124128XMT124148-157,97.60259434,35.7521975,0.25349583,606.99625,158.2637,6.0666911,33.358604,76.11886725,194.5668603,13.0180797,179.3748493,90.10120533,40.603423,213.42468,22.15982146,90.56681274,4.92086155,0.417456802,53.5083943,136.4458008,NA,NA,AA,BB,AA,AA,AA,00011_,-,+,S,K,ND
MT124128XMT124148-161,99.90049135,59.9899132,2.77429942,73.4471375,142.173512,-1.352553,28.678478,79.70933364,237.198053,11.8272305,187.642452,84.91632983,74.423143,216.3674267,15.67799056,91.27351477,5.4630888,0.467201749,53.5770834,148.2258928,NA,NA,AA,BB,BB,BB,AA,00101_,+,-,S,K,ND
MT124128XMT124148-162,100.2118469,61.757039,0.89060312,-18.8961325,199.98331,-0.777183,36.315775,78.55501424,269.5687,13.865206,178.9811539,83.2373915,62.82553,215.6478287,22.05963371,95.21389476,6.1298232,0.450475609,53.5627555,132.6377975,2.770179311,36.36197442,AA,BB,BB,BB,AA,00101_,+,-,S,K,ND
MT124128XMT124148-21,100.8485546,53.4807901,-0.13324436,152.099475,146.067613,-1.059671,31.22821,76.9440872,255.538535,12.8466823,184.886584,85.71876111,60.468638,216.1492853,22.65216881,88.1159083,5.062297292,0.428380562,53.66972327,137.0545835,2.563059543,48.79584525,AA,BB,AA,BB,AA,00001_,-,-,S,K,ND
MT124128XMT124148-25,100.3264541,58.8658259,5.7180737,248.25795,181.669895,-0.629212,32.074913,78.57307392,232.5104731,13.473187,181.343326,83.6425528,50.341262,214.001973,22.69864838,91.10354434,5.6271557,0.442484201,54.7716325,117.1156147,2.939702961,40.79550067,AA,BB,AA,BB,AA,00001_,-,-,S,K,ND
MT124128XMT124148-27,99.82836158,55.000024,0.788314419,323.990685,120.071228,-0.867068,31.702855,77.79503164,221.325211,11.683764,184.886584,82.30644633,60.498099,216.7029108,16.27013848,92.71765121,5.13202177,0.452383761,54.08657321,140.2538499,2.723367893,49.10659274,AA,BB,AA,AA,AA,00011_,-,+,S,K,ND
MT124128XMT124148-42,101.7090085,71.993,6.9717753,-5.49792,142.937788,-0.915419,28.44694,78.68215556,239.528058,12.0431643,187.248757,86.18932093,72.545455,215.8320132,24.00677478,80.69517755,5.19419444,0.44930214,53.2669172,131.9424302,2.466582144,50.1166977,AA,BB,AA,BB,AA,00001_,-,-,S,K,ND
MT124128XMT124148-54,102.5339984,62.5598805,0.13798112,-13.947475,133.5056235,-1.01132,30.98484,78.65539383,278.1481,11.8514266,188.823538,82.478998,73.459852,219.3437064,22.6052513,93.53473587,5.3014748,0.454311855,53.5322826,109.0885031,2.728916807,47.41840781,AA,BB,AA,AA,AA,00011_,-,+,S,K,ND
MT124128XMT124148-63,100.0108857,43.247034,0.01700884,53.015925,99.734655,-0.825534,37.7660801,82.22550797,240.606721,10.7992532,182.524412,88.427341,54.94334477,219.805111,23.08566724,98.10947205,5.10558834,0.462767289,54.24646947,145.980724,2.725752384,53.74132158,AA,BB,AA,AA,AA,00011_,-,+,S,K,ND
MT124128XMT124148-67,69.5757269,38.3829745,0.00206244,462.02409,136.7381476,21.944911,33.011319,77.90406018,158.643275,10.0702191,186.461366,88.72933667,46.142625,219.0937924,23.39643065,95.06800646,4.0149777,0.428882768,53.316529,144.8738849,2.864104895,57.82952775,AA,BB,AA,BB,AA,00001_,-,-,S,K,ND
MT124128XMT124148-73,100.8641652,50.8007745,0.20647801,0.316005,153.534427,-0.681282,35.762428,79.97176576,253.096885,11.8806046,180.949631,91.178021,68.391205,216.8323834,23.08648622,99.3202976,5.3580519,0.462072849,54.08977398,137.0518811,2.990165348,41.52897879,AA,BB,BB,AA,AA,00111_,+,+,S,K,ND
MT124128XMT124148-79,98.57450722,83.708205,0.6063215,-43.8257125,152.261305,-1.153578,31.353889,80.40113537,272.718755,10.6085117,187.248757,79.097283,70.215433,218.2794849,22.93793562,83.56947443,5.8171493,0.515671648,53.1418586,139.8908055,2.629000396,52.47712488,AA,BB,BB,BB,AA,00101_,+,-,S,K,ND
MT124128XMT124148-98,101.4560952,67.083108,0.55995906,56.712,131.014495,-0.812345,35.997271,79.52091676,262.834995,11.19444953,180.16224,92.77711233,60.014889,216.2677905,22.81371804,94.31638429,5.4154967,0.480526252,53.1727141,145.1791233,2.84501833,48.56107381,AA,BB,BB,AA,AA,00111_,+,+,S,K,ND
MT124128XMT124148-85,100.501001,71.6573365,0.50138102,220.456015,103.565785,-0.565019,29.07971,79.72758015,235.451835,11.6228132,184.886584,93.46193033,71.141515,214.374601,22.64041516,96.34910833,5.22481888,0.461870235,53.6363114,102.8718452,3.17762134,47.1795514,AA,BB,BB,BB,AB,0010H_,+,-,S,KL,ND
MT124128XMT124148-102,92.96872432,70.8946475,1.58795506,307.841145,190.77352,5.543392,30.212802,74.41020719,253.6819,13.462348,181.737022,90.948678,47.548481,212.679688,24.54440636,96.23211824,5.4522494,0.435012087,53.1200073,130.4191573,2.918150108,39.47609823,AA,BB,BB,BB,BB,00100_,+,-,S,L,ND
MT124128XMT124148-107,103.11721,54.250962,2.29149902,346.136742,187.79595,-1.114697,33.734422,77.47577733,280.02837,13.0871783,183.705498,88.49405467,64.252673,217.346838,24.20937345,98.48403807,5.8637981,0.461262922,53.0071149,142.215126,NA,NA,AA,BB,BB,BB,BB,00100_,+,-,S,L,ND
MT124128XMT124148-108,102.5401957,53.3679735,1.28568896,96.470685,174.88754,-1.742137,30.580432,78.19898733,231.329105,11.8809818,188.429843,82.58608767,59.113592,218.6024214,22.53334707,95.05489683,5.3117053,0.458044623,52.8893674,136.3407712,2.810710021,43.80303587,AA,BB,BB,BB,BB,00100_,+,-,S,L,ND
MT124128XMT124148-11,102.0822464,68.6678395,-0.04308636,46.44249,143.540748,-0.578209,31.626139,78.95514073,228.038072,12.6143364,184.886584,91.09995533,59.115054,216.584194,22.14086291,94.98450916,5.01071764,0.424533935,55.5030898,127.7326604,2.793317678,54.231436,AA,BB,AA,AA,BB,00010_,-,+,S,L,ND
MT124128XMT124148-113,101.7180644,59.2081322,0.81783504,74.4982325,137.1038087,-0.668093,31.290124,78.43927531,245.583504,11.9965707,183.311803,95.08003867,77.64325,214.9838209,22.86400077,93.13989185,5.16285207,0.450076957,53.3470368,130.7918143,2.982364241,44.8689589,AA,BB,BB,AA,BB,00110_,+,+,S,L,ND
MT124128XMT124148-115,102.7216555,42.9808885,0.35112789,416.282505,193.886125,-0.812345,31.738537,79.05546193,245.225601,11.8528226,183.311803,91.74471233,71.594024,215.3010931,23.04041271,96.37835493,5.3514245,0.458335033,53.093548,121.4996643,3.046636814,39.68357133,AA,BB,BB,AA,BB,00110_,+,+,S,L,ND
MT124128XMT124148-123,103.11721,63.4323525,0.34309496,-110.58246,202.453715,-1.114697,32.179184,79.81542855,296.71465,11.894325,180.5559354,85.16157118,73.049646,213.363655,23.21123342,84.04660295,6.1554159,0.501528023,52.8430412,130.6241541,2.580469403,44.30144784,AA,BB,BB,BB,BB,00100_,+,-,S,L,ND
MT124128XMT124148-13,102.891183,38.2371325,0.09038986,813.073275,125.303122,-0.539327,35.110261,76.26242307,212.666285,12.5239378,183.311803,85.85882863,58.683895,218.2376984,23.81183381,95.68484605,4.8076147,0.413896996,54.27867028,132.4696738,2.801989141,38.62257907,AA,BB,AA,BB,BB,00000_,-,-,S,L,ND
MT124128XMT124148-132,102.2522715,43.4225125,0.82602334,332.68127,129.037344,-0.668093,30.883142,78.50012838,223.2321274,11.44942917,182.524412,84.71183837,64.662314,213.958927,23.39218507,94.38311202,4.5322384,0.427987064,53.89107839,148.2597271,2.966987696,40.37847761,AA,BB,AA,BB,BB,00000_,-,-,S,L,ND
MT124128XMT124148-140,101.6764199,60.1630445,0.49773606,269.387595,107.50757,-1.166767,34.700271,77.06288215,232.994762,11.25507172,186.067671,87.78601167,92.9684,220.177249,24.54515838,98.69203577,5.0260718,0.448126214,52.5166758,140.9521108,3.085698906,59.88982931,AA,BB,BB,AA,BB,00110_,+,+,S,L,ND
MT124128XMT124148-144,103.207679,52.9570165,0.262091668,375.157735,147.348314,-0.777183,31.998364,77.76116925,261.216405,12.8486396,184.099194,84.32736577,73.500972,216.2624913,22.12606824,81.78695888,5.04047582,0.427214491,53.97357892,134.6533382,2.862303321,53.01631551,AA,BB,BB,BB,BB,00100_,+,-,S,L,ND
MT124128XMT124148-145,103.201155,58.74387583,1.3917422,412.60446,203.91334,-0.867068,31.314046,77.61715205,236.343386,12.9874756,182.524412,88.211373,50.297554,214.379387,16.7161401,98.13929886,5.3954352,0.446013994,54.05922759,138.2739799,2.918218193,27.98992654,AA,BB,BB,BB,BB,00100_,+,-,S,L,ND
MT124128XMT124148-150,100.8357798,36.731869,0.18615194,762.5342,129.167434,-0.763994,34.546966,78.88095391,230.541934,12.7542303,178.9811539,94.83677567,47.969644,214.1021,22.6634722,98.13233942,5.3553687,0.436697175,54.04770042,135.7083124,3.080623044,41.15769524,AA,BB,AA,BB,BB,00000_,-,-,S,L,ND
MT124128XMT124148-153,103.409201,64.0362455,1.0098932,229.3596,136.5329783,-1.01132,27.833858,78.56438046,257.726325,12.0453431,189.610929,86.31680883,66.97978,217.3029138,16.38235796,69.0918201,5.25127711,0.461969143,53.0953918,145.2351117,NA,NA,AA,BB,BB,BB,BB,00100_,+,-,S,L,ND
MT124128XMT124148-158,103.312786,57.0247705,1.2539028,276.464625,110.51882,-0.825534,35.044413,79.2885069,215.373957,11.0922221,181.343326,87.901159,61.898261,216.4857917,22.01179573,91.97849404,4.1967394,0.416925744,53.72690271,147.92878,NA,NA,AA,BB,AA,BB,BB,00000_,-,-,S,L,ND
MT124128XMT124148-166,101.4372921,55.399204,-0.22697652,301.599295,160.85033,-1.059671,35.13864,75.64592086,277.77454,12.8426065,180.949631,88.11670067,76.709169,216.1693882,23.65246491,84.96881946,5.1911834,0.437591302,53.72090465,135.3244745,2.683678639,56.01679384,AA,BB,BB,BB,BB,00100_,+,-,S,L,ND
MT124128XMT124148-19,101.5692453,58.94232186,0.18380654,109.14675,174.46551,-0.578209,35.514234,77.51657591,297.51347,13.526201,177.0126771,93.26314667,73.467368,213.264875,21.81608191,98.08195796,5.2952494,0.423373788,55.3663617,133.9529254,2.974294332,46.58399688,AA,BB,BB,BB,BB,00100_,+,-,S,L,ND
MT124128XMT124148-28,79.55760732,33.462465,-0.09152508,300.90841,122.500728,21.118496,27.141412,77.53340108,179.072075,12.0385876,191.18571,88.97035133,47.983276,218.0561845,21.43800131,94.95811122,4.2972807,0.399575282,54.31828586,145.4743602,2.79441397,42.90959988,AA,BB,AA,BB,BB,00000_,-,-,S,L,ND
MT124128XMT124148-31,102.2453423,63.1616965,0.29648726,-12.37235,144.646221,-0.867068,28.551873,78.2002832,261.834865,12.6166163,185.673975,81.75941167,70.700754,214.662118,23.46043606,86.01546503,5.4650451,0.449971998,54.4973966,140.1178764,2.653475406,48.38725864,AA,BB,BB,AA,BB,00110_,+,+,S,L,ND
MT124128XMT124148-32,101.3170598,70.4714605,0.01888306,-52.0949125,205.36696,-0.777183,32.816489,76.21283508,225.8518321,13.3258314,180.949631,91.94861967,64.22651,214.320101,21.76620797,97.66186939,4.87730091,0.410593849,54.13701353,127.4343575,2.813672569,48.918169,AA,BB,BB,AA,BB,00110_,+,+,S,L,ND
MT124128XMT124148-40,83.69410869,44.923436,0.07349942,227.33587,179.30406,6.1319505,33.400129,75.6281213,230.260913,13.795807,177.8000678,93.348041,47.069947,212.123222,23.40431572,88.18712662,5.3955811,0.424182221,53.97282388,113.4604211,2.673938943,43.31015004,AA,BB,BB,BB,BB,00100_,+,-,S,L,ND
MT124128XMT124148-41,100.4244482,47.7923745,0.03494254,417.62059,213.61249,-0.487257,30.663298,75.58946447,238.329307,13.2538335,185.28028,85.70986533,48.488392,216.1002499,22.05551103,89.92819116,5.02856249,0.420084328,53.5961186,146.1437711,2.749128699,43.85656662,AA,BB,BB,BB,BB,00100_,+,-,S,L,ND
MT124128XMT124148-44,99.98239115,66.7424275,0.56683068,107.719,154.39157,-0.591398,27.526461,78.21519479,226.0871957,12.6128061,189.610929,88.40573167,69.350412,217.0759306,23.38181869,98.07313353,5.2386037,0.436487221,54.16468916,147.5429645,3.122192593,30.98474503,AA,BB,AA,AA,BB,00010_,-,+,S,L,ND
MT124128XMT124148-48,101.0803658,33.104585,-0.0302466,839.989925,130.206615,-0.962969,34.20025,77.32578904,205.243325,12.646768,182.524412,85.41563001,62.815533,216.8460838,15.2242656,96.35620766,4.6853041,0.406989129,54.4619602,128.1016689,2.887176787,42.5200634,AA,BB,AA,BB,BB,00000_,-,-,S,L,ND
MT124128XMT124148-5,101.1688797,61.516126,0.06635906,-19.0308325,219.702095,-1.166767,35.437384,78.54731312,247.270715,12.389209,180.949631,90.922247,57.267735,216.4767963,23.41963963,94.80087635,5.3276146,0.44458855,54.15805201,153.6945503,2.771876985,45.36397293,AA,BB,BB,BB,BB,00100_,+,-,S,L,ND
MT124128XMT124148-55,101.1939731,50.329975,0.24535507,350.303071,181.11476,-0.725113,31.091193,76.51258792,238.762489,13.1596451,183.705498,92.85201867,56.3543527,215.17004,21.89076443,95.57408468,5.5105533,0.438786048,54.35686728,144.7345177,2.986233268,38.32560528,AA,BB,AA,BB,BB,00000_,-,-,S,L,ND
MT124128XMT124148-58,102.4265846,70.416373,0.04515916,316.579725,196.993405,-0.777183,27.373155,76.75394308,263.545895,13.1061047,188.429843,93.99488133,52.171321,215.9797606,21.38105292,97.24137027,5.3976717,0.439029627,55.3128752,152.3658514,3.008460222,39.11078343,AA,BB,BB,BB,BB,00100_,+,-,S,L,ND
MT124128XMT124148-61,70.63931016,38.121442,0.60752519,310.167825,155.31227,15.977129,27.750332,76.08975572,195.797695,12.7328026,187.248757,88.16035967,59.54965,215.2665516,21.69949919,97.33492392,4.07214,0.38862649,54.414155,154.3073065,2.846585517,45.09197879,AA,BB,BB,BB,BB,00100_,+,-,S,L,ND
MT124128XMT124148-69,101.7366329,82.9965425,0.71121516,-67.2276375,169.4349,-0.526138,33.770766,79.46395871,299.8923213,13.310962,178.9811539,89.87866633,80.90462,213.421852,23.87220919,95.95818529,6.2470026,0.477198336,53.5050776,135.6054923,2.721711166,45.30103156,AA,BB,BB,AA,BB,00110_,+,+,S,L,ND
MT124128XMT124148-7,100.9873694,50.5052735,0.67974892,582.198645,170.170305,-1.742137,31.339879,77.41937951,237.289227,12.4299882,182.524412,93.38207933,45.681053,214.258208,21.95826402,97.73792356,5.091634916,0.437700181,53.89828457,142.9718005,3.06513426,41.32718389,AA,BB,AA,BB,BB,00000_,-,-,S,L,ND
MT124128XMT124148-71,101.0484781,32.1952125,-0.1560593,413.36183,137.4491792,-0.681282,37.2771609,76.85795124,207.793175,13.750871,178.5874586,80.63353633,55.4190604,216.1193184,21.59002844,96.19874385,4.92582111,0.398286663,54.3912149,130.1541601,2.724088416,46.10954832,AA,BB,AA,BB,BB,00000_,-,-,S,L,ND
MT124128XMT124148-74,100.3214007,73.402864,2.08813532,-17.46057,149.157144,-0.915419,36.223131,79.06836393,259.49995,12.1652346,177.0126771,92.67889333,73.009117,213.840422,23.76331223,91.62795046,5.4914715,0.463936079,54.4427788,123.0755247,2.73399394,53.99298403,AA,BB,BB,BB,BB,00100_,+,-,S,L,ND
MT124128XMT124148-81,98.92734484,68.0473425,-0.24206258,35.08225,108.23103,2.269373,29.672972,79.84820293,221.279412,10.2490245,190.39832,84.66639803,77.16044,219.4686044,37.44953165,88.55638353,4.586385,0.455455597,53.50564955,160.2205245,2.682290162,51.48566953,AA,BB,AA,BB,BB,00000_,-,-,S,L,ND
MT124128XMT124148-86,102.0106837,47.260459,0.45271421,446.68025,106.16053,-0.526138,30.289652,79.97484917,237.816319,11.4338298,191.579406,77.913383,69.299459,221.085384,21.77054161,99.17105622,5.10853193,0.453566786,53.61733083,172.0792409,3.048623377,48.23848518,AA,BB,BB,BB,BB,00100_,+,-,S,L,ND
MT124128XMT124148-91,103.033807,67.5498545,0.40264845,36.22548,121.556657,-0.526138,30.637956,77.97616385,265.482945,12.2932241,185.673975,86.36989867,69.790581,216.3891359,23.71932541,77.69040049,5.25388317,0.450524357,53.18044,135.4901999,2.578771882,59.08225309,AA,BB,BB,AA,BB,00110_,+,+,S,L,ND
MT124128XMT124148-117,79.5745497,24.85881,0.02129924,693.1967,117.442632,18.563797,32.774395,74.5392622,171.33418,11.7277951,182.130717,77.92545433,59.128687,215.2273681,22.19628247,88.5689601,3.9759174,0.397863363,53.3946063,131.5391141,NA,NA,BB,BB,AA,AA,AA,10011_,-,+,S,K,D
MT124128XMT124148-120,85.60467146,36.2822035,-0.12396968,251.44752,151.6559,15.96394,27.168112,75.82447188,132.928845,11.49618625,190.004624,87.941613,27.12661,217.1151141,21.48680355,89.6437922,3.3362644,0.368261478,52.9965883,150.4323453,2.565182606,47.57048706,BB,BB,AA,AA,AA,10011_,-,+,S,K,D
MT124128XMT124148-129,66.8597404,24.9471925,-0.42343436,615.994575,139.977243,45.79428,32.497984,77.65938785,130.915655,12.1710126,182.130717,87.51529713,38.222817,214.9400629,21.83858186,90.74946995,3.7957117,0.380184272,54.04777389,128.5193632,2.712722367,48.99230228,BB,BB,AA,BB,AA,10001_,-,-,S,K,D
MT124128XMT124148-131,48.36500698,28.555875,-0.42932066,525.084665,123.693983,33.111385,32.110763,78.48882551,181.17361,11.8939759,184.099194,89.35696867,42.405742,216.307118,14.21901936,94.49148868,4.0096901,0.395824333,54.3532903,143.6361823,NA,NA,BB,BB,AA,BB,AA,10001_,-,-,S,K,D
MT124128XMT124148-146,58.36557474,25.241685,-0.4591892,587.58215,128.25767,39.6661,35.28966,72.41911113,149.714555,12.1985059,181.343326,87.03243893,25.7688,216.6829742,19.63075256,87.25719558,3.4387625,0.367046549,53.5540273,140.7365655,NA,NA,BB,BB,AA,BB,AA,10001_,-,-,S,K,D
MT124128XMT124148-20,72.94700738,34.2046715,0.00493494,376.216433,225.770635,29.626893,32.326908,74.318089,161.950345,13.824757,180.5559354,76.13069867,53.0947855,213.489409,21.95590058,96.22334883,4.0937663,0.370602584,54.5682363,133.3879482,2.951436157,39.60651155,BB,BB,BB,BB,AA,10101_,+,-,S,K,D
MT124128XMT124148-4,74.56161588,51.298913,-0.3042028,110.39006,133.187067,45.43985,32.367414,75.00455126,178.727475,12.1086547,183.705498,77.90549133,60.51967,216.1940656,22.39453365,89.91710925,3.9497067,0.389480883,54.02068481,139.5135055,2.687387262,63.38427942,BB,BB,BB,AA,AA,10111_,+,+,S,K,D
MT124128XMT124148-50,72.76079708,63.996531,0.61674006,22.939975,125.609734,5.894094,34.913441,78.33999008,283.772155,12.4995169,180.5559354,98.343762,80.87719,215.7416565,24.64343169,91.22482187,5.5752799,0.455770884,53.66837161,115.5111277,2.746935433,57.94723127,BB,BB,BB,AA,AA,10111_,+,+,S,K,D
MT124128XMT124148-6,85.14288902,19.8692175,-0.14134648,409.23233,102.122525,39.76947,29.800239,75.69048227,113.4076785,11.31644798,186.461366,82.86828733,62.345618,216.3272209,22.89516049,94.10907155,3.562147,0.385239934,53.63879433,135.4543192,2.778993638,51.71111093,BB,BB,AA,AA,AA,10011_,-,+,S,K,D
MT124128XMT124148-60,43.30504567,29.3003825,-0.08509566,460.70756,121.554268,40.00963,33.482366,77.3312782,157.90865,12.2528745,179.3748493,93.22877133,56.3268908,213.572351,35.33845108,94.9911211,3.9798449,0.381475595,54.5042092,132.8124697,2.798769932,43.48066979,BB,BB,AA,BB,AA,10001_,-,-,S,K,D
MT124128XMT124148-64,81.65960823,34.2796725,-0.13877354,102.901075,149.468313,5.880905,35.108841,74.67352701,139.616375,11.2617246,179.3748493,78.53936867,69.791684,214.934764,23.2105368,84.01615738,3.0717171,0.360407715,53.5087034,135.9019301,2.797868185,50.67779962,BB,BB,BB,AA,AA,10111_,+,+,S,K,D
MT124128XMT124148-88,68.36959724,49.888763,0.35452779,192.56655,178.140115,40.00733,34.078564,79.91611201,225.873529,11.7559921,182.918108,84.0489623,78.12513,216.9747003,23.4846761,95.79919103,5.3189056,0.464476928,53.64308389,138.6674614,2.875979808,41.09283918,BB,BB,BB,AA,AA,10111_,+,+,S,K,D
MT124128XMT124148-9,71.6910735,40.468062,-0.0963,422.256615,154.725668,45.25407,34.488288,75.91378677,187.37069,11.9680251,184.099194,80.062876,74.41075,218.3389153,21.18237521,92.54401407,4.1579588,0.39898201,54.2368881,135.6964051,2.660420718,55.56676429,BB,BB,AA,AA,AA,10011_,-,+,S,K,D
MT124128XMT124148-95,49.36581531,25.0826825,-0.01375786,340.720915,155.502895,33.943646,33.666001,75.30954646,156.74438,11.9379212,182.524412,95.028037,62.80683,216.307118,21.38055306,96.05071189,3.9457344,0.393245983,53.3961936,152.4767699,2.963426584,53.68720007,BB,BB,BB,AA,AA,10111_,+,+,S,K,D
MT124128XMT124148-125,72.53269468,20.8567325,0.0605374,699.19695,152.608978,39.96845,34.849014,74.17388409,140.699995,12.1360259,181.343326,90.86774333,50.265614,216.2968888,21.42603498,89.88954422,3.2803262,0.358493702,53.58576912,127.4958918,2.762703715,48.37639688,BB,BB,AA,AA,BB,10010_,-,+,S,L,D
MT124128XMT124148-154,74.61123787,40.849894,-0.4103245,192.42807,252.75583,5.886922,32.297765,74.30749926,172.7049506,14.159304,182.524412,89.05782067,49.385607,215.202912,22.1790731,96.28599302,4.4486196,0.387227132,53.5715874,133.9123477,2.80211618,45.54911857,BB,BB,BB,AA,BB,10110_,+,+,S,L,D
MT124128XMT124148-155,80.30558007,42.9187785,-0.15504886,339.3226,159.913185,21.707055,29.121804,75.0406553,172.73212,12.703271,186.067671,89.01027733,60.474861,215.4589258,22.82779709,97.93462468,3.865936,0.374631839,54.10526242,137.796714,2.855712515,31.56812869,BB,BB,AA,AA,BB,10010_,-,+,S,L,D
MT124128XMT124148-16,84.99495323,55.557559,-0.29014626,14.4020975,153.079977,40.00963,34.259985,76.311886,231.633757,12.3407651,186.067671,84.4006141,73.482352,219.879057,24.06017213,90.51198445,4.96256734,0.431606562,53.5197669,131.7647668,2.829202611,64.33889722,BB,BB,BB,AA,BB,10110_,+,+,S,L,D
MT124128XMT124148-167,56.85018301,19.7689425,-0.42087346,724.94665,164.30433,33.698314,30.86497,72.17422915,130.739445,14.762375,183.705498,95.04011267,35.463719,214.9256244,22.23600324,100.0477668,3.463186,0.324944276,53.3139496,126.0839827,2.975235268,43.85542717,BB,BB,AA,AA,BB,10010_,-,+,S,L,D
MT124128XMT124148-29,83.02648118,40.917083,-0.08443024,261.939025,178.61044,14.659382,35.264319,75.7559684,201.6741207,12.9091247,180.5559354,88.978694,42.40816,215.9760644,21.86095211,95.50056259,4.8463018,0.420061582,54.01340856,133.4144716,2.826448237,47.89843787,BB,BB,BB,BB,BB,10100_,+,-,S,L,D
MT124128XMT124148-45,86.87173784,33.142053,-0.45111612,707.454775,167.77453,40.00963,35.774717,74.36726874,134.640255,13.2307616,188.036147,98.46973367,46.127587,222.817243,22.09417783,98.50984256,3.6479299,0.356063874,53.84855342,157.8855284,2.917015274,59.04725763,BB,BB,AA,BB,BB,10000_,-,-,S,L,D
MT124128XMT124148-47,36.0483687,45.790222,-0.077498,106.642465,151.769632,39.95526,35.044413,74.61663417,192.245735,12.4985756,183.311803,72.23264167,59.560016,218.1454513,21.5838939,92.92994552,4.0310241,0.393239914,53.5354834,132.9776063,2.860207565,58.57693418,BB,BB,BB,AA,BB,10110_,+,+,S,L,D
MT124128XMT124148-51,80.97331339,43.4562445,-0.40008318,176.1553625,118.924704,32.721801,28.94002,75.42852397,165.165255,11.45181114,184.099194,84.14199767,60.029762,213.534036,22.08865886,85.91542186,3.5966338,0.385913703,52.7602981,151.1510556,2.582023766,65.5877636,BB,BB,BB,BB,BB,10100_,+,-,S,L,D
MT124128XMT124148-65,63.52466752,23.9125275,-0.34458182,431.11913,161.924775,33.943646,35.221239,72.23695311,121.907985,12.5678044,181.343326,90.993978,52.606286,216.6390499,22.59587466,92.81408495,3.3508608,0.356184506,53.4508849,129.4799819,2.960551966,51.67170319,BB,BB,AA,AA,BB,10010_,-,+,S,L,D
MT124128XMT124148-80,70.87597032,29.222875,-0.14782756,484.49475,168.63997,34.22985,33.017069,73.90343366,138.364375,12.9274011,181.343326,91.25351167,53.1223577,214.80901,22.14274123,98.37994357,3.9966842,0.382192507,54.29930528,134.2196436,3.019665791,48.67240373,BB,BB,AA,AA,BB,10010_,-,+,S,L,D
MT124128XMT124148-82,89.41925373,50.821393,0.10177969,212.558525,102.51217,16.01601,32.463722,78.2982415,209.346103,11.46516969,182.918108,89.66440833,55.8910288,215.6616324,23.071905,95.09216298,4.7468425,0.43473426,53.65046211,144.9932693,2.903036563,39.17697376,BB,BB,AA,AA,BB,10010_,-,+,S,L,D
MT124128XMT124148-92,67.95459608,39.069203,-0.30393576,99.939975,146.705877,20.728912,33.672736,76.38130807,239.708189,13.3821372,184.886584,92.32971533,75.355363,218.2413912,24.22786858,96.88650289,4.7156017,0.406052672,54.06235828,141.4739825,2.879748242,59.29931267,BB,BB,BB,AA,BB,10110_,+,+,S,L,D
MT124128XMT124148-93,93.95992866,31.0742225,-0.13963426,343.84859,157.88917,15.000616,30.142793,76.10914082,188.158805,13.401999,185.673975,89.44373867,72.058926,215.9157557,23.0040204,90.38987887,4.255146,0.381626852,53.66844507,134.8027737,2.635186656,45.13630327,BB,BB,AA,AA,BB,10010_,-,+,S,L,D
